min,max,Year,Where,SirenType,OperationType,Address,MemoryText
0,60,1988 / Haifa,haifa,2,Erev Yom Hazikaron,"6 Aba Hillel Silver, Haifa",
60,120,1988 / Haifa,haifa,2,Yom Hazikaron,"6 Aba Hillel Silver, Haifa",
120,180,1988 / Haifa,haifa,2,Holocaust Remembrance Day,"6 Aba Hillel Silver, Haifa",
180,240,1988 / Haifa,haifa,1,False Alarm,"6 Aba Hillel Silver, Haifa",
240,300,1989 / Haifa,haifa,2,Erev Yom Hazikaron,"6 Aba Hillel Silver, Haifa",
300,360,1989/ Haifa,haifa,2,Yom Hazikaron,"6 Aba Hillel Silver, Haifa",
360,420,1989 / Haifa,haifa,2,Holocaust Remembrance Day,"6 Aba Hillel Silver, Haifa",
420,480,1989 / Haifa,haifa,1,False Alarm,"6 Aba Hillel Silver, Haifa",
480,540,1989 / Haifa,haifa1,1,False Alarm,"6 Aba Hillel Silver, Haifa",
540,600,1990 / Haifa,haifa,2,Erev Yom Hazikaron,"6 Aba Hillel Silver, Haifa",
600,660,1990 / Haifa,haifa,2,Yom Hazikaron,"6 Aba Hillel Silver, Haifa",
660,720,1990 / Haifa,haifa,2,Holocaust Remembrance Day,"6 Aba Hillel Silver, Haifa",
720,780,1990 / Haifa,haifa,1,False Alarm,"6 Aba Hillel Silver, Haifa",
780,840,1991 / Haifa,haifa,1,The Gulf War,"6 Aba Hillel Silver, Haifa","I was in the living room playing with my Playmobil Zoo
I tried to grab and save all of my animals when the siren went on."
840,900,1991 / Haifa,haifa,1,The Gulf War,"6 Aba Hillel Silver, Haifa",
900,960,1991 / Haifa,haifa,1,The Gulf War,"6 Aba Hillel Silver, Haifa",
960,1020,1991 / Haifa,haifa,1,The Gulf War,"6 Aba Hillel Silver, Haifa",
1020,1080,1991 / Haifa,haifa1,1,The Gulf War,"28 Yekhezkel Koifman st, Haifa",
1080,1140,1991 / Haifa,haifa1,1,The Gulf War,"28 Yekhezkel Koifman st, Haifa",
1140,1200,1991 / Haifa,haifa1,1,The Gulf War,"28 Yekhezkel Koifman st, Haifa",
1200,1260,1991 / Haifa,haifa,1,The Gulf War,"6 Aba Hillel Silver, Haifa",
1260,1320,1991 / Haifa,haifa1,1,The Gulf War,"28 Yekhezkel Koifman st, Haifa",
1320,1380,1991 / Haifa,haifa,1,The Gulf War,"6 Aba Hillel Silver, Haifa","We celebrated my birthday at my aunt’s house.
She had better shelter.
I remember a big round table, a proper beautiful birthday cake and a lot of gas masks."
1380,1440,1991 / Haifa,haifa,1,The Gulf War,"6 Aba Hillel Silver, Haifa",
1440,1500,1991 / Haifa,haifa1,1,The Gulf War,"28 Yekhezkel Koifman st, Haifa","I followed my father around the house even when he went to the bathroom.
A siren went on.
I got really scared and I fell to the back of the bathtub and broke my hand.
"
1500,1560,1991 / Haifa,haifa1,1,The Gulf War,"28 Yekhezkel Koifman st, Haifa",
1560,1620,1991 / Haifa,haifa1,1,The Gulf War,"28 Yekhezkel Koifman st, Haifa",
1620,1680,1991 / Haifa,haifa,1,The Gulf War,"6 Aba Hillel Silver, Haifa",
1680,1740,1991 / Haifa,haifa,1,The Gulf War,"6 Aba Hillel Silver, Haifa",
1740,1800,1991 / Haifa,haifa,1,The Gulf War,"6 Aba Hillel Silver, Haifa",
1800,1860,1991 / Haifa,haifa,1,The Gulf War,"6 Aba Hillel Silver, Haifa",
1860,1920,1991 / Haifa,haifa,1,The Gulf War,"6 Aba Hillel Silver, Haifa",
1920,1980,1991 / Haifa,haifa,1,The Gulf War,"6 Aba Hillel Silver, Haifa",
1980,2040,1991 / Haifa,haifa,1,The Gulf War,"6 Aba Hillel Silver, Haifa",
2040,2100,1991 / Haifa,haifa,1,The Gulf War,"6 Aba Hillel Silver, Haifa",
2100,2160,1991 / Haifa,haifa,1,The Gulf War,"6 Aba Hillel Silver, Haifa",
2160,2220,1991 / Haifa,haifa,1,The Gulf War,"6 Aba Hillel Silver, Haifa",
2220,2280,1991 / Haifa,haifa,1,The Gulf War,"6 Aba Hillel Silver, Haifa",
2280,2340,1991 / Haifa,haifa1,1,The Gulf War,"6 Aba Hillel Silver, Haifa",
2340,2400,1991 / Haifa,haifa,1,The Gulf War,"6 Aba Hillel Silver, Haifa",
2400,2460,1991 / Haifa,haifa,1,The Gulf War,"6 Aba Hillel Silver, Haifa",
2460,2520,1991 / Haifa,haifa,1,The Gulf War,"6 Aba Hillel Silver, Haifa",
2520,2580,1991 / Haifa,haifa,1,The Gulf War,"6 Aba Hillel Silver, Haifa",
2580,2640,1991 / Haifa,haifa1,1,The Gulf War,"6 Aba Hillel Silver, Haifa",
2640,2700,1991 / Haifa,haifa,1,The Gulf War,"6 Aba Hillel Silver, Haifa",
2700,2760,1991 / Haifa,haifa,,The Gulf War,"6 Aba Hillel Silver, Haifa",
2760,2820,1991 / Haifa,haifa,1,The Gulf War,"6 Aba Hillel Silver, Haifa",
2820,2880,1991 / Haifa,haifa,1,The Gulf War,"6 Aba Hillel Silver, Haifa",
2880,2940,1991 / Haifa,haifa1,1,The Gulf War,"6 Aba Hillel Silver, Haifa",
2940,3000,1991 / Haifa,haifa,1,The Gulf War,"6 Aba Hillel Silver, Haifa",
3000,3060,1991 / Haifa,haifa,1,The Gulf War,"6 Aba Hillel Silver, Haifa",
3060,3120,1991 / Haifa,haifa,1,The Gulf War,"6 Aba Hillel Silver, Haifa",
3120,3180,1991 / Haifa,haifa,1,The Gulf War,"6 Aba Hillel Silver, Haifa",
3180,3240,1991 / Haifa,haifa1,1,The Gulf War,"6 Aba Hillel Silver, Haifa",
3240,3300,1991 / Haifa,haifa,1,The Gulf War,"6 Aba Hillel Silver, Haifa",
3300,3360,1991 / Haifa,haifa,1,The Gulf War,"6 Aba Hillel Silver, Haifa",
3360,3420,1991 / Haifa,haifa1,1,The Gulf War,"6 Aba Hillel Silver, Haifa","I remember having to walk to my kindergarden with a pink box that had tones of
stickers. The box contained my  gas mask in, every kid had a spot for its
box on the wall."
3420,3480,1991 / Haifa,haifa,1,The Gulf War,"6 Aba Hillel Silver, Haifa",
3480,3540,1991 / Haifa,haifa1,1,The Gulf War,"6 Aba Hillel Silver, Haifa",
3540,3600,1991 / Haifa,haifa,1,The Gulf War,"6 Aba Hillel Silver, Haifa",
3600,3660,1991 / Haifa,haifa,1,The Gulf War,"6 Aba Hillel Silver, Haifa",
3660,3720,1991 / Haifa,haifa1,1,The Gulf War,"6 Aba Hillel Silver, Haifa",
3720,3780,1991 / Haifa,haifa,1,The Gulf War,"6 Aba Hillel Silver, Haifa",
3780,3840,1991 / Haifa,haifa,1,The Gulf War,"6 Aba Hillel Silver, Haifa",
3840,3900,1991 / Haifa,haifa2,1,The Gulf War,"6 Aba Hillel Silver, Haifa",
3900,3960,1991 / Haifa,haifa1,1,The Gulf War,"6 Aba Hillel Silver, Haifa",
3960,4020,1991 / Haifa,haifa,1,The Gulf War,"6 Aba Hillel Silver, Haifa",
4020,4080,1991 / Haifa,haifa,1,The Gulf War,"6 Aba Hillel Silver, Haifa",
4080,4140,1991 / Haifa,haifa,1,The Gulf War,"6 Aba Hillel Silver, Haifa",
4140,4200,1991 / Haifa,haifa,2,Erev Yom Hazikaron,"6 Aba Hillel Silver, Haifa","First remebrance siren together with my parents.
standing in the house"
4200,4260,1991 / Haifa,haifa,2,Yom Hazikaron,"6 Aba Hillel Silver, Haifa","Hearing the remebrance siren together with all my class mates.
Laughing, standing uncoumftables for one minute."
4260,4320,1991 / Haifa,haifa,2,Holocaust Remembrance Day,"6 Aba Hillel Silver, Haifa",
4320,4380,1992 / Haifa,haifa,2,Erev Yom Hazikaron,13 Yehuda Burla st,
4380,4440,1992 / Haifa,haifa,2,Yom Hazikaron,13 Yehuda Burla st,
4440,4500,1992 / Haifa,haifa,2,Holocaust Remembrance Day,13 Yehuda Burla st,
4500,4560,1992 / Haifa,haifa,1,Drill Alarm,13 Yehuda Burla st,
4560,4620,1993 / Haifa,haifa,2,Erev Yom Hazikaron,13 Yehuda Burla st,
4620,4680,1993 / Haifa,haifa,2,Yom Hazikaron,13 Yehuda Burla st,
4680,4740,1993 / Haifa,haifa,2,Holocaust Remembrance Day,13 Yehuda Burla st,
4740,4800,1993 / Haifa,haifa,1,Drill Alarm,13 Yehuda Burla st,
4800,4860,1994 / Haifa,haifa,2,Erev Yom Hazikaron,13 Yehuda Burla st,
4860,4920,1994 / Haifa,haifa,2,Yom Hazikaron,13 Yehuda Burla st,
4920,4980,1994 / Haifa,haifa,2,Holocaust Remembrance Day,13 Yehuda Burla st,
4980,5040,1994 / Haifa,haifa,1,Drill Alarm,13 Yehuda Burla st,
5040,5100,1995 / Haifa,haifa,2,Erev Yom Hazikaron,13 Yehuda Burla st,
5100,5160,1995 / Haifa,haifa,2,Yom Hazikaron,13 Yehuda Burla st,
5160,5220,1995 / Haifa,haifa,2,Holocaust Remembrance Day,13 Yehuda Burla st,
5220,5280,1995 / Haifa,haifa,1,Drill Alarm,13 Yehuda Burla st,
5280,5340,1996 / Haifa,haifa,2,Erev Yom Hazikaron,13 Yehuda Burla st,
5340,5400,1996 / Haifa,haifa,2,Yom Hazikaron,13 Yehuda Burla st,
5400,5460,1996 / Haifa,haifa,2,Holocaust Remembrance Day,13 Yehuda Burla st,
5460,5520,1996 / Haifa,haifa,1,Drill Alarm,13 Yehuda Burla st,
5520,5580,1996 / Haifa,haifa4,1,School Drill Siren,"Fichman St 13, Haifa",
5580,5640,1997 / Haifa,haifa,2,Erev Yom Hazikaron,13 Yehuda Burla st,
5640,5700,1997 / Haifa,haifa,2,Yom Hazikaron,13 Yehuda Burla st,
5700,5760,1997 / Haifa,haifa,2,Holocaust Remembrance Day,13 Yehuda Burla st,
5760,5820,1997 / Haifa,haifa,1,Drill Alarm,13 Yehuda Burla st,
5820,5880,1997 / Haifa,haifa4,1,School Drill Siren,"Fichman St 13, Haifa",
5880,5940,1998 / Haifa,haifa,2,Erev Yom Hazikaron,13 Yehuda Burla st,
5940,6000,1998 / Haifa,haifa,2,Yom Hazikaron,13 Yehuda Burla st,
6000,6060,1998 / Haifa,haifa,2,Holocaust Remembrance Day,13 Yehuda Burla st,
6060,6120,1998 / Haifa,haifa,1,Drill Alarm,13 Yehuda Burla st,
6120,6180,1998 / Haifa,haifa,1,School Drill Siren,"Fichman St 13, Haifa",
6180,6240,1999 / Haifa,haifa,2,Erev Yom Hazikaron,13 Yehuda Burla st,
6240,6300,1999 / Haifa,haifa,2,Yom Hazikaron,13 Yehuda Burla st,
6300,6360,1999 / Haifa,haifa4,2,Holocaust Remembrance Day,13 Yehuda Burla st,
6360,6420,1999 / Haifa,haifa,1,Drill Alarm,13 Yehuda Burla st,
6420,6480,1999 / Haifa,haifa4,1,School Drill Siren,"Fichman St 13, Haifa",
6480,6540,2000 / Haifa,haifa,2,Erev Yom Hazikaron,13 Yehuda Burla st,
6540,6600,2000 / Haifa,haifa,2,Yom Hazikaron,13 Yehuda Burla st,
6600,6660,2000 / Haifa,haifa,2,Holocaust Remembrance Day,13 Yehuda Burla st,
6660,6720,2000 / Haifa,haifa,1,Drill Alarm,13 Yehuda Burla st,
6720,6780,2000 / Haifa,haifa,1,School Drill Siren,"Fichman St 13, Haifa",
6780,6840,2001 / Haifa,haifa4,2,Erev Yom Hazikaron,13 Yehuda Burla st,
6840,6900,2001 / Haifa,haifa2,2,Yom Hazikaron,"37 Dr Artur Biram St, Haifa",
6900,6960,2001 / Haifa,haifa2,2,Holocaust Remembrance Day,"37 Dr Artur Biram St, Haifa",
6960,7020,2001 / Haifa,haifa,1,Drill Alarm,13 Yehuda Burla st,
7020,7080,2001 / Haifa,haifa2,1,School Drill Siren,"37 Dr Artur Biram St, Haifa",
7080,7140,2002 / Haifa,haifa,2,Erev Yom Hazikaron,30 Eliezer Alter St ,
7140,7200,2002 / Haifa,haifa2,2,Yom Hazikaron,"37 Dr Artur Biram St, Haifa",
7200,7260,2002 / Haifa,haifa2,2,Holocaust Remembrance Day,"37 Dr Artur Biram St, Haifa",
7260,7320,2002 / Haifa,haifa4,1,Drill Alarm,13 Yehuda Burla st,
7320,7380,2002 / Haifa,haifa2,1,School Drill Siren,"37 Dr Artur Biram St, Haifa",
7380,7440,2002 / Kibutz Tlalim ,Kibutz Tlalim,1,Drill Siren,Kibutz Tlalim,"Me and my cousin were playing around the garden in my aunt’s house at the kibbutz, when all of a sudden a really loud siren went on. Both of us ran super fast back to the house where all the families were gathered and we screamed that a war is about to start. I remember that I ran like crazy, as fast that I could. That was the first time that I dealt with a siren outside of my house, without my parents. I was convinced that I was going to die that day. Later I realised it was an alarm for the pilots in a near by base for their lunch."
7440,7500,2003 / Haifa,haifa,2,Erev Yom Hazikaron,30 Eliezer Alter St ,
7500,7560,2003 / Haifa,haifa2,2,Yom Hazikaron,"37 Dr Artur Biram St, Haifa",
7560,7620,2003 / Haifa,haifa2,2,Holocaust Remembrance Day,"37 Dr Artur Biram St, Haifa",
7620,7680,2003 / Haifa,haifa,1,Drill Alarm,13 Yehuda Burla st,
7680,7740,2003 / Haifa,haifa2,1,School Drill Siren,"37 Dr Artur Biram St, Haifa",
7740,7800,2004 / Haifa,haifa4,2,Erev Yom Hazikaron,30 Eliezer Alter St ,
7800,7860,2004 / Haifa,haifa2,2,Yom Hazikaron,"37 Dr Artur Biram St, Haifa",
7860,7920,2004 / Haifa,haifa2,2,Holocaust Remembrance Day,"37 Dr Artur Biram St, Haifa",
7920,7980,2004 / Haifa,haifa,1,Drill Alarm,13 Yehuda Burla st,
7980,8040,2004 / Haifa,haifa2,1,School Drill Siren,"37 Dr Artur Biram St, Haifa",
8040,8100,2005 / Haifa,haifa,2,Erev Yom Hazikaron,30 Eliezer Alter St ,
8100,8160,2005 / Haifa,haifa2,2,Yom Hazikaron,"37 Dr Artur Biram St, Haifa",
8160,8220,2005 / Haifa,haifa2,2,Holocaust Remembrance Day,"37 Dr Artur Biram St, Haifa",
8220,8280,2005 / Haifa,haifa,1,Drill Alarm,13 Yehuda Burla st,
8280,8340,2005 / Haifa,haifa2,1,School Drill Siren,"37 Dr Artur Biram St, Haifa",
8340,8400,2006 / Haifa,haifa,2,Erev Yom Hazikaron,30 Eliezer Alter St ,
8400,8460,2006 / Haifa,haifa2,2,Yom Hazikaron,"37 Dr Artur Biram St, Haifa",
8460,8520,2006 / Haifa,haifa2,2,Holocaust Remembrance Day,"37 Dr Artur Biram St, Haifa",
8520,8580,2006 / Haifa,haifa,1,Drill Alarm,13 Yehuda Burla st,
8580,8640,2006 / Haifa,haifa2,1,School Drill Siren,"37 Dr Artur Biram St, Haifa",
8640,8700,2006 / Haifa,haifa,1,lebanon the second,13 Yehuda Burla st,"We lived on the 7th floor of our building.
Every time that there was an alarm we had to run 7 floors down."
8700,8760,2006 / Haifa,haifa,1,lebanon the second,13 Yehuda Burla st,
8760,8820,2006 / Haifa,haifa,1,lebanon the second,13 Yehuda Burla st,
8820,8880,2006 / Haifa,haifa,1,lebanon the second,13 Yehuda Burla st,
8880,8940,2006 / Haifa,haifa,1,lebanon the second,13 Yehuda Burla st,"Probably the most traumatic memory for me, both my parents were working,
I was already 18 years old, most of the time I was alone in the house, sometimes
with my brother. I didn’t hear the alarm going on because I was had my headphones on and then all of a sudden there was a huge blast. Only a minute later when my mom called I realised that there was a missile attack at a house near by."
8940,9000,2006 / Haifa,haifa,1,lebanon the second,13 Yehuda Burla st,
9000,9060,2006 / Haifa,haifa,1,lebanon the second,13 Yehuda Burla st,
9060,9120,2006 / Haifa,haifa,1,lebanon the second,13 Yehuda Burla st,
9120,9180,2006 / Haifa,haifa,1,lebanon the second,13 Yehuda Burla st,
9180,9240,2006 / Haifa,haifa4,1,lebanon the second,13 Yehuda Burla st,
9240,9300,2006 / Haifa,haifa,1,lebanon the second,13 Yehuda Burla st,
9300,9360,2006 / Haifa,haifa,1,lebanon the second,13 Yehuda Burla st,
9360,9420,2006 / Haifa,haifa2,1,lebanon the second,13 Yehuda Burla st,
9420,9480,2006 / Haifa,haifa4,1,lebanon the second,13 Yehuda Burla st,
9480,9540,2006 / Haifa,haifa,1,lebanon the second,13 Yehuda Burla st,
9540,9600,2006 / Haifa,haifa,1,lebanon the second,13 Yehuda Burla st,
9600,9660,2006 / Haifa,haifa,1,lebanon the second,13 Yehuda Burla st,
9660,9720,2006 / Haifa,haifa,1,lebanon the second,13 Yehuda Burla st,
9720,9780,2006 / Haifa,haifa4,1,lebanon the second,13 Yehuda Burla st,
9780,9840,2006 / Haifa,haifa,1,lebanon the second,13 Yehuda Burla st,
9840,9900,2006 / Haifa,haifa,1,lebanon the second,13 Yehuda Burla st,
9900,9960,2006 / Haifa,haifa,1,lebanon the second,13 Yehuda Burla st,
9960,10020,2006 / Haifa,haifa,1,lebanon the second,13 Yehuda Burla st,"Many times it took us a couple of minutes to hear back from my father, because so many people were also trying to call their loved ones to see if they are ok."
10020,10080,2006 / Haifa,haifa,1,lebanon the second,13 Yehuda Burla st,
10080,10140,2006 / Haifa,haifa,1,lebanon the second,13 Yehuda Burla st,
10140,10200,2006 / Haifa,haifa4,1,lebanon the second,13 Yehuda Burla st,
10200,10260,2006 / Haifa,haifa1,1,lebanon the second,13 Yehuda Burla st,
10260,10320,2006 / Haifa,haifa,1,lebanon the second,13 Yehuda Burla st,
10320,10380,2006 / Haifa,haifa2,1,lebanon the second,13 Yehuda Burla st,
10380,10440,2006 / Haifa,haifa,1,lebanon the second,13 Yehuda Burla st,
10440,10500,2006 / Haifa,haifa,1,lebanon the second,13 Yehuda Burla st,
10500,10560,2006 / Haifa,haifa2,1,lebanon the second,13 Yehuda Burla st,"so many sirens went on that day, i just decided to stay in bed"
10560,10620,2006 / Haifa,haifa,1,lebanon the second,13 Yehuda Burla st,
10620,10680,2006 / Haifa,haifa,1,lebanon the second,13 Yehuda Burla st,
10680,10740,2006 / Haifa,haifa1,1,lebanon the second,13 Yehuda Burla st,
10740,10800,2006 / Haifa,haifa,1,lebanon the second,13 Yehuda Burla st,
10800,10860,2006 / Haifa,haifa,1,lebanon the second,13 Yehuda Burla st,
10860,10920,2006 / Haifa,haifa,1,lebanon the second,13 Yehuda Burla st,
10920,10980,2006 / Haifa,haifa,1,lebanon the second,13 Yehuda Burla st,
10980,11040,2006 / Haifa,haifa,1,lebanon the second,13 Yehuda Burla st,
11040,11100,2006 / Haifa,haifa,1,lebanon the second,13 Yehuda Burla st,
11100,11160,2006 / Haifa,haifa2,1,lebanon the second,13 Yehuda Burla st,
11160,11220,2006 / Haifa,haifa,1,lebanon the second,13 Yehuda Burla st,
11220,11280,2006 / Haifa,haifa,1,lebanon the second,13 Yehuda Burla st,
11280,11340,2006 / Haifa,haifa,1,lebanon the second,13 Yehuda Burla st,
11340,11400,2006 / Haifa,haifa,1,lebanon the second,13 Yehuda Burla st,
11400,11460,2006 / Haifa,haifa4,1,lebanon the second,13 Yehuda Burla st,
11460,11520,2006 / Haifa,haifa,1,lebanon the second,13 Yehuda Burla st,
11520,11580,2006 / Haifa,haifa,1,lebanon the second,13 Yehuda Burla st,
11580,11640,2006 / Haifa,haifa,1,lebanon the second,13 Yehuda Burla st,
11640,11700,2006 / Haifa,haifa,1,lebanon the second,13 Yehuda Burla st,
11700,11760,2006 / Haifa,haifa1,1,lebanon the second,13 Yehuda Burla st,
11760,11820,2006 / Haifa,haifa,1,lebanon the second,13 Yehuda Burla st,
11820,11880,2006 / Haifa,haifa,1,lebanon the second,13 Yehuda Burla st,
11880,11940,2006 / Haifa,haifa,1,lebanon the second,13 Yehuda Burla st,
11940,12000,2006 / Haifa,haifa4,1,lebanon the second,13 Yehuda Burla st,
12000,12060,2006 / Haifa,haifa,1,lebanon the second,13 Yehuda Burla st,
12060,12120,2006 / Haifa,haifa,1,lebanon the second,13 Yehuda Burla st,
12120,12180,2006 / Haifa,haifa4,1,lebanon the second,13 Yehuda Burla st,
12180,12240,2006 / Haifa,haifa2,1,lebanon the second,13 Yehuda Burla st,
12240,12300,2006 / Haifa,haifa,1,lebanon the second,13 Yehuda Burla st,
12300,12360,2006 / Haifa,haifa,1,lebanon the second,13 Yehuda Burla st,
12360,12420,2006 / Haifa,haifa,1,lebanon the second,13 Yehuda Burla st,
12420,12480,2006 / Haifa,haifa,1,lebanon the second,13 Yehuda Burla st,
12480,12540,2006 / Haifa,haifa,1,lebanon the second,13 Yehuda Burla st,
12540,12600,2006 / Haifa,haifa1,1,lebanon the second,13 Yehuda Burla st,
12600,12660,2006 / Haifa,haifa4,1,lebanon the second,13 Yehuda Burla st,
12660,12720,2006 / Haifa,haifa,1,lebanon the second,13 Yehuda Burla st,
12720,12780,2006 / Haifa,haifa2,1,lebanon the second,13 Yehuda Burla st,
12780,12840,2006 / Haifa,haifa,1,lebanon the second,13 Yehuda Burla st,
12840,12900,2006 / Haifa,haifa1,1,lebanon the second,13 Yehuda Burla st,
12900,12960,2006 / Haifa,haifa,1,lebanon the second,13 Yehuda Burla st,
12960,13020,2006 / Haifa,haifa,1,lebanon the second,13 Yehuda Burla st,
13020,13080,2006 / Haifa,haifa,1,lebanon the second,13 Yehuda Burla st,
13080,13140,2006 / Haifa,haifa,1,lebanon the second,13 Yehuda Burla st,
13140,13200,2006 / Haifa,haifa4,1,lebanon the second,13 Yehuda Burla st,
13200,13260,2006 / Haifa,haifa,1,lebanon the second,13 Yehuda Burla st,
13260,13320,2006 / Haifa,haifa,1,lebanon the second,13 Yehuda Burla st,
13320,13380,2006 / Haifa,haifa,1,lebanon the second,13 Yehuda Burla st,
13380,13440,2006 / Haifa,haifa4,1,lebanon the second,13 Yehuda Burla st,
13440,13500,2006 / Haifa,haifa,1,lebanon the second,13 Yehuda Burla st,"we were in the forest, in the middle of my scouts summer camp."
13500,13560,2006 / Haifa,haifa,1,lebanon the second,13 Yehuda Burla st,
13560,13620,2006 / Haifa,haifa4,1,lebanon the second,13 Yehuda Burla st,
13620,13680,2006 / Haifa,haifa,1,lebanon the second,13 Yehuda Burla st,
13680,13740,2006 / Haifa,haifa,1,lebanon the second,13 Yehuda Burla st,
13740,13800,2006 / Haifa,haifa,1,lebanon the second,13 Yehuda Burla st,
13800,13860,2006 / Haifa,haifa,1,lebanon the second,13 Yehuda Burla st,
13860,13920,2006 / Haifa,haifa2,1,lebanon the second,13 Yehuda Burla st,
13920,13980,2006 / Haifa,haifa,1,lebanon the second,13 Yehuda Burla st,
13980,14040,2006 / Haifa,haifa3,1,lebanon the second,13 Yehuda Burla st,
14040,14100,2006 / Haifa,haifa,1,lebanon the second,13 Yehuda Burla st,
14100,14160,2006 / Haifa,haifa4,1,lebanon the second,13 Yehuda Burla st,
14160,14220,2006 / Haifa,haifa,1,lebanon the second,13 Yehuda Burla st,
14220,14280,2006 / Haifa,haifa,1,lebanon the second,13 Yehuda Burla st,
14280,14340,2006 / Haifa,haifa2,1,lebanon the second,13 Yehuda Burla st,
14340,14400,2006 / Haifa,haifa,1,lebanon the second,13 Yehuda Burla st,
14400,14460,2006 / Haifa,haifa1,1,lebanon the second,13 Yehuda Burla st,
14460,14520,2006 / Haifa,haifa,1,lebanon the second,13 Yehuda Burla st,
14520,14580,2006 / Haifa,haifa,1,lebanon the second,13 Yehuda Burla st,"i asked my mom to go to my aunt in the south of israel for the weekend, i didn't want to listen to the sirens."
14580,14640,2006 / Haifa,haifa3,1,lebanon the second,13 Yehuda Burla st,
14640,14700,2006 / Haifa,haifa2,1,lebanon the second,13 Yehuda Burla st,
14700,14760,2006 / Haifa,haifa1,1,lebanon the second,13 Yehuda Burla st,
14760,14820,2006 / Haifa,haifa,1,lebanon the second,13 Yehuda Burla st,
14820,14880,2006 / Haifa,haifa,1,lebanon the second,13 Yehuda Burla st,
14880,14940,2006 / Haifa,haifa,1,lebanon the second,13 Yehuda Burla st,
14940,15000,2006 / Haifa,haifa,1,lebanon the second,13 Yehuda Burla st,
15000,15060,2006 / Haifa,haifa3,1,lebanon the second,13 Yehuda Burla st,
15060,15120,2006 / Haifa,haifa,1,lebanon the second,13 Yehuda Burla st,
15120,15180,2006 / Haifa,haifa,1,lebanon the second,13 Yehuda Burla st,
15180,15240,2006 / Haifa,haifa,1,lebanon the second,13 Yehuda Burla st,
15240,15300,2006 / Haifa,haifa,1,lebanon the second,13 Yehuda Burla st,
15300,15360,2006 / Haifa,haifa3,1,lebanon the second,13 Yehuda Burla st,
15360,15420,2006 / Haifa,haifa,1,lebanon the second,13 Yehuda Burla st,
15420,15480,2006 / Haifa,haifa,1,lebanon the second,13 Yehuda Burla st,"6 sirens in a row."
15480,15540,2006 / Haifa,haifa,1,lebanon the second,13 Yehuda Burla st,
15540,15600,2006 / Haifa,haifa,1,lebanon the second,13 Yehuda Burla st,
15600,15660,2006 / Haifa,haifa3,1,lebanon the second,13 Yehuda Burla st,
15660,15720,2006 / Haifa,haifa,1,lebanon the second,13 Yehuda Burla st,
15720,15780,2006 / Haifa,haifa3,1,lebanon the second,13 Yehuda Burla st,
15780,15840,2006 / Haifa,haifa1,1,lebanon the second,13 Yehuda Burla st,
15840,15900,2006 / Haifa,haifa,1,lebanon the second,13 Yehuda Burla st,
15900,15960,2006 / Haifa,haifa,1,lebanon the second,13 Yehuda Burla st,
15960,16020,2006 / Haifa,haifa,1,lebanon the second,13 Yehuda Burla st,
16020,16080,2006 / Haifa,haifa,1,lebanon the second,13 Yehuda Burla st,
16080,16140,2006 / Haifa,haifa1,1,lebanon the second,13 Yehuda Burla st,
16140,16200,2006 / Haifa,haifa,1,lebanon the second,13 Yehuda Burla st,
16200,16260,2006 / Haifa,haifa,1,lebanon the second,13 Yehuda Burla st,
16260,16320,2006 / Haifa,haifa,1,lebanon the second,13 Yehuda Burla st,
16320,16380,2006 / Haifa,haifa,1,lebanon the second,13 Yehuda Burla st,
16380,16440,2006 / Haifa,haifa,1,lebanon the second,13 Yehuda Burla st,
16440,16500,2006 / Haifa,haifa,1,lebanon the second,13 Yehuda Burla st,
16500,16560,2006 / Haifa,haifa1,1,lebanon the second,13 Yehuda Burla st,
16560,16620,2006 / Haifa,haifa2,1,lebanon the second,13 Yehuda Burla st,
16620,16680,2006 / Haifa,haifa,1,lebanon the second,13 Yehuda Burla st,
16680,16740,2006 / Haifa,haifa,1,lebanon the second,13 Yehuda Burla st,
16740,16800,2006 / Haifa,haifa,1,lebanon the second,13 Yehuda Burla st,
16800,16860,2006 / Haifa,haifa2,1,lebanon the second,13 Yehuda Burla st,
16860,16920,2006 / Haifa,haifa,1,lebanon the second,13 Yehuda Burla st,
16920,16980,2006 / Haifa,haifa,1,lebanon the second,13 Yehuda Burla st,
16980,17040,2006 / Haifa,haifa,1,lebanon the second,13 Yehuda Burla st,
17040,17100,2006 / Haifa,haifa2,1,lebanon the second,13 Yehuda Burla st,
17100,17160,2006 / Haifa,haifa,1,lebanon the second,13 Yehuda Burla st,
17160,17220,2006 / Haifa,haifa,1,lebanon the second,13 Yehuda Burla st,
17220,17280,2006 / Haifa,haifa,1,lebanon the second,13 Yehuda Burla st,
17280,17340,2006 / Haifa,haifa,1,lebanon the second,13 Yehuda Burla st,
17340,17400,2006 / Haifa,haifa,1,lebanon the second,13 Yehuda Burla st,
17400,17460,2006 / Haifa,haifa1,1,lebanon the second,13 Yehuda Burla st,
17460,17520,2006 / Haifa,haifa,1,lebanon the second,13 Yehuda Burla st,
17520,17580,2006 / Haifa,haifa,1,lebanon the second,13 Yehuda Burla st,"i stayed at my grandma house just not to be alone during the day."
17580,17640,2006 / Haifa,haifa,1,lebanon the second,13 Yehuda Burla st,
17640,17700,2006 / Haifa,haifa,1,lebanon the second,13 Yehuda Burla st,
17700,17760,2006 / Haifa,haifa,1,lebanon the second,13 Yehuda Burla st,
17760,17820,2006 / Haifa,haifa,1,lebanon the second,13 Yehuda Burla st,
17820,17880,2006 / Haifa,haifa,1,lebanon the second,13 Yehuda Burla st,
17880,17940,2006 / Haifa,haifa,1,lebanon the second,13 Yehuda Burla st,
17940,18000,2006 / Haifa,haifa2,1,lebanon the second,13 Yehuda Burla st,
18000,18060,2006 / Haifa,haifa,1,lebanon the second,13 Yehuda Burla st,
18060,18120,2006 / Haifa,haifa,1,lebanon the second,13 Yehuda Burla st,
18120,18180,2006 / Haifa,haifa,1,lebanon the second,13 Yehuda Burla st,
18180,18240,2006 / Haifa,haifa,1,lebanon the second,13 Yehuda Burla st,
18240,18300,2006 / Haifa,haifa,1,lebanon the second,13 Yehuda Burla st,
18300,18360,2006 / Haifa,haifa,1,lebanon the second,13 Yehuda Burla st,
18360,18420,2006 / Haifa,haifa1,1,lebanon the second,13 Yehuda Burla st,
18420,18480,2006 / Haifa,haifa,1,lebanon the second,13 Yehuda Burla st,
18480,18540,2006 / Haifa,haifa,1,lebanon the second,13 Yehuda Burla st,
18540,18600,2006 / Haifa,haifa,1,lebanon the second,13 Yehuda Burla st,
18600,18660,2006 / Haifa,haifa,1,lebanon the second,13 Yehuda Burla st,
18660,18720,2006 / Haifa,haifa,1,lebanon the second,13 Yehuda Burla st,"i gave up going back and forth from the 7th floor to the shelter, i just stayed on the stairs"
18720,18780,2006 / Haifa,haifa1,1,lebanon the second,13 Yehuda Burla st,
18780,18840,2006 / Haifa,haifa,1,lebanon the second,13 Yehuda Burla st,
18840,18900,2006 / Haifa,haifa,1,lebanon the second,13 Yehuda Burla st,
18900,18960,2006 / Haifa,haifa,1,lebanon the second,13 Yehuda Burla st,
18960,19020,2006 / Haifa,haifa,1,lebanon the second,13 Yehuda Burla st,
19020,19080,2006 / Haifa,haifa2,1,lebanon the second,13 Yehuda Burla st,
19080,19140,2006 / Haifa,haifa,1,lebanon the second,13 Yehuda Burla st,
19140,19200,2006 / Haifa,haifa,1,lebanon the second,13 Yehuda Burla st,
19200,19260,2006 / Haifa,haifa,1,lebanon the second,13 Yehuda Burla st,
19260,19320,2006 / Haifa,haifa2,1,lebanon the second,13 Yehuda Burla st,
19320,19380,2006 / Haifa,haifa,1,lebanon the second,13 Yehuda Burla st,
19380,19440,2006 / Haifa,haifa2,1,lebanon the second,13 Yehuda Burla st,
19440,19500,2006 / Haifa,haifa,1,lebanon the second,13 Yehuda Burla st,
19500,19560,2006 / Haifa,haifa3,1,lebanon the second,13 Yehuda Burla st,
19560,19620,2006 / Haifa,haifa,1,lebanon the second,13 Yehuda Burla st,"some of my friends drafted to the army in the middle of the war"
19620,19680,2006 / Haifa,haifa,1,lebanon the second,13 Yehuda Burla st,
19680,19740,2006 / Haifa,haifa,1,lebanon the second,13 Yehuda Burla st,
19740,19800,2006 / Haifa,haifa,1,lebanon the second,13 Yehuda Burla st,
19800,19860,2006 / Haifa,haifa3,1,lebanon the second,13 Yehuda Burla st,
19860,19920,2006 / Haifa,haifa,1,lebanon the second,13 Yehuda Burla st,
19920,19980,2006 / Haifa,haifa,1,lebanon the second,13 Yehuda Burla st,
19980,20040,2006 / Haifa,haifa3,1,lebanon the second,13 Yehuda Burla st,
20040,20100,2006 / Haifa,haifa1,1,lebanon the second,13 Yehuda Burla st,
20100,20160,2006 / Haifa,haifa,1,lebanon the second,13 Yehuda Burla st,
20160,20220,2006 / Haifa,haifa,1,lebanon the second,13 Yehuda Burla st,
20220,20280,2006 / Haifa,haifa,1,lebanon the second,13 Yehuda Burla st,
20280,20340,2006 / Haifa,haifa,1,lebanon the second,13 Yehuda Burla st,
20340,20400,2006 / Haifa,haifa3,1,lebanon the second,13 Yehuda Burla st,
20400,20460,2006 / Haifa,haifa,1,lebanon the second,13 Yehuda Burla st,
20460,20520,2006 / Haifa,haifa,1,lebanon the second,13 Yehuda Burla st,
20520,20580,2006 / Haifa,haifa,1,lebanon the second,13 Yehuda Burla st,
20580,20640,2006 / Haifa,haifa,1,lebanon the second,13 Yehuda Burla st,
20640,20700,2006 / Haifa,haifa1,1,lebanon the second,13 Yehuda Burla st,
20700,20760,2006 / Haifa,haifa,1,lebanon the second,13 Yehuda Burla st,
20760,20820,2006 / Haifa,haifa,1,lebanon the second,13 Yehuda Burla st,
20820,20880,2006 / Haifa,haifa,1,lebanon the second,13 Yehuda Burla st,
20880,20940,2006 / Haifa,haifa,1,lebanon the second,13 Yehuda Burla st,
20940,21000,2006 / Haifa,haifa1,1,lebanon the second,13 Yehuda Burla st,
21000,21060,2006 / Haifa,haifa,1,lebanon the second,13 Yehuda Burla st,
21060,21120,2006 / Haifa,haifa,1,lebanon the second,13 Yehuda Burla st,
21120,21180,2006 / Haifa,haifa,1,lebanon the second,13 Yehuda Burla st,
21180,21240,2006 / Haifa,haifa,1,lebanon the second,13 Yehuda Burla st,"7 sirens in a row"
21240,21300,2006 / Haifa,haifa2,1,lebanon the second,13 Yehuda Burla st,"7 sirens in a row"
21300,21360,2006 / Haifa,haifa,1,lebanon the second,13 Yehuda Burla st,"7 sirens in a row"
21360,21420,2006 / Haifa,haifa3,1,lebanon the second,13 Yehuda Burla st,"7 sirens in a row"
21420,21480,2006 / Haifa,haifa,1,lebanon the second,13 Yehuda Burla st,"7 sirens in a row"
21480,21540,2006 / Haifa,haifa,1,lebanon the second,13 Yehuda Burla st,"7 sirens in a row"
21540,21600,2006 / Haifa,haifa1,1,lebanon the second,13 Yehuda Burla st,"7 sirens in a row"
21600,21660,2006 / Haifa,haifa,1,lebanon the second,13 Yehuda Burla st,
21660,21720,2006 / Haifa,haifa1,1,lebanon the second,13 Yehuda Burla st,
21720,21780,2006 / Haifa,haifa2,1,lebanon the second,13 Yehuda Burla st,
21780,21840,2006 / Haifa,haifa,1,lebanon the second,13 Yehuda Burla st,
21840,21900,2006 / Haifa,haifa,1,lebanon the second,13 Yehuda Burla st,
21900,21960,2006 / Haifa,haifa1,1,lebanon the second,13 Yehuda Burla st,
21960,22020,2006 / Haifa,haifa,1,lebanon the second,13 Yehuda Burla st,
22020,22080,2006 / Haifa,haifa,1,lebanon the second,13 Yehuda Burla st,
22080,22140,2006 / Haifa,haifa,1,lebanon the second,13 Yehuda Burla st,
22140,22200,2006 / Haifa,haifa,1,lebanon the second,13 Yehuda Burla st,
22200,22260,2006 / Haifa,haifa,1,lebanon the second,13 Yehuda Burla st,
22260,22320,2006 / Haifa,haifa,1,lebanon the second,13 Yehuda Burla st,
22320,22380,2006 / Haifa,haifa,1,lebanon the second,13 Yehuda Burla st,
22380,22440,2006 / Haifa,haifa,1,lebanon the second,13 Yehuda Burla st,
22440,22500,2006 / Haifa,haifa,1,lebanon the second,13 Yehuda Burla st,
22500,22560,2006 / Haifa,haifa,1,lebanon the second,13 Yehuda Burla st,
22560,22620,2006 / Haifa,haifa,1,lebanon the second,13 Yehuda Burla st,
22620,22680,2006 / Haifa,haifa,1,lebanon the second,13 Yehuda Burla st,
22680,22740,2006 / Haifa,haifa1,1,lebanon the second,13 Yehuda Burla st,
22740,22800,2006 / Haifa,haifa,1,lebanon the second,13 Yehuda Burla st,
22800,22860,2006 / Haifa,haifa,1,lebanon the second,13 Yehuda Burla st,
22860,22920,2006 / Haifa,haifa1,1,lebanon the second,13 Yehuda Burla st,
22920,22980,2006 / Haifa,haifa,1,lebanon the second,13 Yehuda Burla st,
22980,23040,2006 / Haifa,haifa2,1,lebanon the second,13 Yehuda Burla st,
23040,23100,2006 / Haifa,haifa1,1,lebanon the second,13 Yehuda Burla st,
23100,23160,2006 / Haifa,haifa,1,lebanon the second,13 Yehuda Burla st,
23160,23220,2006 / Haifa,haifa,1,lebanon the second,13 Yehuda Burla st,
23220,23280,2006 / Haifa,haifa,1,lebanon the second,13 Yehuda Burla st,
23280,23340,2006 / Haifa,haifa2,1,lebanon the second,13 Yehuda Burla st,
23340,23400,2006 / Haifa,haifa,1,lebanon the second,13 Yehuda Burla st,
23400,23460,2006 / Haifa,haifa,1,lebanon the second,13 Yehuda Burla st,"4 sirens in a row"
23460,23520,2006 / Haifa,haifa,1,lebanon the second,13 Yehuda Burla st,"4 sirens in a row"
23520,23580,2006 / Haifa,haifa,1,lebanon the second,13 Yehuda Burla st,"4 sirens in a row"
23580,23640,2006 / Haifa,haifa,1,lebanon the second,13 Yehuda Burla st,"4 sirens in a row"
23640,23700,2006 / Haifa,haifa,1,lebanon the second,13 Yehuda Burla st,
23700,23760,2006 / Haifa,haifa,1,lebanon the second,13 Yehuda Burla st,
23760,23820,2006 / Haifa,haifa1,1,lebanon the second,13 Yehuda Burla st,
23820,23880,2006 / Haifa,haifa,1,lebanon the second,13 Yehuda Burla st,
23880,23940,2006 / Haifa,haifa3,1,lebanon the second,13 Yehuda Burla st,
23940,24000,2006 / Haifa,haifa,1,lebanon the second,13 Yehuda Burla st,
24000,24060,2006 / Haifa,haifa,1,lebanon the second,13 Yehuda Burla st,
24060,24120,2006 / Haifa,haifa,1,lebanon the second,13 Yehuda Burla st,
24120,24180,2006 / Haifa,haifa,1,lebanon the second,13 Yehuda Burla st,
24180,24240,2006 / Haifa,haifa1,1,lebanon the second,13 Yehuda Burla st,"we spend 30 minutes on the stairs in my building, playing some cards game on the floor"
24240,24300,2006 / Haifa,haifa,1,lebanon the second,13 Yehuda Burla st,
24300,24360,2006 / Haifa,haifa,1,lebanon the second,13 Yehuda Burla st,
24360,24420,2006 / Haifa,haifa,1,lebanon the second,13 Yehuda Burla st,
24420,24480,2006 / Haifa,haifa1,1,lebanon the second,13 Yehuda Burla st,
24480,24540,2006 / Haifa,haifa,1,lebanon the second,13 Yehuda Burla st,
24540,24600,2006 / Haifa,haifa,1,lebanon the second,13 Yehuda Burla st,
24600,24660,2006 / Haifa,haifa,1,lebanon the second,13 Yehuda Burla st,
24660,24720,2006 / Haifa,haifa,1,lebanon the second,13 Yehuda Burla st,
24720,24780,2006 / Haifa,haifa,1,lebanon the second,13 Yehuda Burla st,
24780,24840,2006 / Haifa,haifa,1,lebanon the second,13 Yehuda Burla st,
24840,24900,2006 / Haifa,haifa3,1,lebanon the second,13 Yehuda Burla st,
24900,24960,2006 / Haifa,haifa2,1,lebanon the second,13 Yehuda Burla st,
24960,25020,2006 / Haifa,haifa,1,lebanon the second,13 Yehuda Burla st,
25020,25080,2006 / Haifa,haifa,1,lebanon the second,13 Yehuda Burla st,
25080,25140,2006 / Haifa,haifa,1,lebanon the second,13 Yehuda Burla st,
25140,25200,2006 / Haifa,haifa4,1,lebanon the second,13 Yehuda Burla st,
25200,25260,2006 / Haifa,haifa,1,lebanon the second,13 Yehuda Burla st,
25260,25320,2006 / Haifa,haifa4,1,lebanon the second,13 Yehuda Burla st,
25320,25380,2006 / Haifa,haifa,1,lebanon the second,13 Yehuda Burla st,
25380,25440,2006 / Haifa,haifa1,1,lebanon the second,13 Yehuda Burla st,
25440,25500,2006 / Haifa,haifa,1,lebanon the second,13 Yehuda Burla st,
25500,25560,2006 / Haifa,haifa,1,lebanon the second,13 Yehuda Burla st,
25560,25620,2006 / Haifa,haifa,1,lebanon the second,13 Yehuda Burla st,
25620,25680,2006 / Haifa,haifa,1,lebanon the second,13 Yehuda Burla st,
25680,25740,2006 / Haifa,haifa,1,lebanon the second,13 Yehuda Burla st,
25740,25800,2006 / Haifa,haifa,1,lebanon the second,13 Yehuda Burla st,
25800,25860,2006 / Haifa,haifa,1,lebanon the second,13 Yehuda Burla st,
25860,25920,2006 / Haifa,haifa1,1,lebanon the second,13 Yehuda Burla st,
25920,25980,2006 / Haifa,haifa,1,lebanon the second,13 Yehuda Burla st,
25980,26040,2006 / Haifa,haifa,1,lebanon the second,13 Yehuda Burla st,
26040,26100,2006 / Haifa,haifa,1,lebanon the second,13 Yehuda Burla st,
26100,26160,2006 / Haifa,haifa,1,lebanon the second,13 Yehuda Burla st,
26160,26220,2006 / Haifa,haifa,1,lebanon the second,13 Yehuda Burla st,
26220,26280,2006 / Haifa,haifa1,1,lebanon the second,13 Yehuda Burla st,
26280,26340,2006 / Haifa,haifa,1,lebanon the second,13 Yehuda Burla st,
26340,26400,2006 / Haifa,haifa,1,lebanon the second,13 Yehuda Burla st,
26400,26460,2006 / Haifa,haifa,1,lebanon the second,13 Yehuda Burla st,
26460,26520,2006 / Haifa,haifa4,1,lebanon the second,13 Yehuda Burla st,
26520,26580,2006 / Haifa,haifa,1,lebanon the second,13 Yehuda Burla st,"3 sirens in a row"
26580,26640,2006 / Haifa,haifa,1,lebanon the second,13 Yehuda Burla st,"3 sirens in a row"
26640,26700,2006 / Haifa,haifa,1,lebanon the second,13 Yehuda Burla st,"3 sirens in a row"
26700,26760,2006 / Haifa,haifa,1,lebanon the second,13 Yehuda Burla st,
26760,26820,2006 / Haifa,haifa,1,lebanon the second,13 Yehuda Burla st,
26820,26880,2006 / Haifa,haifa,1,lebanon the second,13 Yehuda Burla st,
26880,26940,2006 / Haifa,haifa4,1,lebanon the second,13 Yehuda Burla st,
26940,27000,2006 / Haifa,haifa,1,lebanon the second,13 Yehuda Burla st,
27000,27060,2006 / Haifa,haifa1,1,lebanon the second,13 Yehuda Burla st,
27060,27120,2006 / Haifa,haifa,1,lebanon the second,13 Yehuda Burla st,
27120,27180,2006 / Haifa,haifa,1,lebanon the second,13 Yehuda Burla st,
27180,27240,2006 / Haifa,haifa1,1,lebanon the second,13 Yehuda Burla st,
27240,27300,2006 / Haifa,haifa,1,lebanon the second,13 Yehuda Burla st,
27300,27360,2006 / Haifa,haifa,1,lebanon the second,13 Yehuda Burla st,
27360,27420,2006 / Haifa,haifa3,1,lebanon the second,13 Yehuda Burla st,
27420,27480,2006 / Haifa,haifa1,1,lebanon the second,13 Yehuda Burla st,
27480,27540,2006 / Haifa,haifa,1,lebanon the second,13 Yehuda Burla st,
27540,27600,2006 / Haifa,haifa,1,lebanon the second,13 Yehuda Burla st,"5 sirens in a row"
27600,27660,2006 / Haifa,haifa,1,lebanon the second,13 Yehuda Burla st,"5 sirens in a row"
27660,27720,2006 / Haifa,haifa,1,lebanon the second,13 Yehuda Burla st,"5 sirens in a row"
27720,27780,2006 / Haifa,haifa1,1,lebanon the second,13 Yehuda Burla st,"5 sirens in a row"
27780,27840,2006 / Haifa,haifa,1,lebanon the second,13 Yehuda Burla st,"5 sirens in a row"
27840,27900,2006 / Haifa,haifa,1,lebanon the second,13 Yehuda Burla st,"5 sirens in a row"
27900,27960,2006 / Haifa,haifa1,1,lebanon the second,13 Yehuda Burla st,
27960,28020,2006 / Haifa,haifa,1,lebanon the second,13 Yehuda Burla st,
28020,28080,2006 / Haifa,haifa,1,lebanon the second,13 Yehuda Burla st,
28080,28140,2006 / Haifa,haifa,1,lebanon the second,13 Yehuda Burla st,
28140,28200,2006 / Haifa,haifa4,1,lebanon the second,13 Yehuda Burla st,
28200,28260,2006 / Haifa,haifa,1,lebanon the second,13 Yehuda Burla st,
28260,28320,2006 / Haifa,haifa3,1,lebanon the second,13 Yehuda Burla st,
28320,28380,2006 / Haifa,haifa,1,lebanon the second,13 Yehuda Burla st,
28380,28440,2006 / Haifa,haifa4,1,lebanon the second,13 Yehuda Burla st,
28440,28500,2006 / Haifa,haifa,1,lebanon the second,13 Yehuda Burla st,
28500,28560,2006 / Haifa,haifa4,1,lebanon the second,13 Yehuda Burla st,
28560,28620,2006 / Haifa,haifa,1,lebanon the second,13 Yehuda Burla st,
28620,28680,2006 / Haifa,haifa1,1,lebanon the second,13 Yehuda Burla st,
28680,28740,2006 / Haifa,haifa,1,lebanon the second,13 Yehuda Burla st,
28740,28800,2006 / Haifa,haifa,1,lebanon the second,13 Yehuda Burla st,
28800,28860,2006 / Haifa,haifa,1,lebanon the second,13 Yehuda Burla st,
28860,28920,2006 / Haifa,haifa,1,lebanon the second,13 Yehuda Burla st,
28920,28980,2006 / Haifa,haifa1,1,lebanon the second,13 Yehuda Burla st,
28980,29040,2006 / Haifa,haifa,1,lebanon the second,13 Yehuda Burla st,
29040,29100,2006 / Haifa,haifa,1,lebanon the second,13 Yehuda Burla st,
29100,29160,2006 / Haifa,haifa,1,lebanon the second,13 Yehuda Burla st,
29160,29220,2006 / Haifa,haifa1,1,lebanon the second,13 Yehuda Burla st,
29220,29280,2006 / Haifa,haifa,1,lebanon the second,13 Yehuda Burla st,
29280,29340,2006 / Haifa,haifa4,1,lebanon the second,13 Yehuda Burla st,
29340,29400,2006 / Haifa,haifa,1,lebanon the second,13 Yehuda Burla st,
29400,29460,2006 / Haifa,haifa,1,lebanon the second,13 Yehuda Burla st,
29460,29520,2006 / Haifa,haifa4,1,lebanon the second,13 Yehuda Burla st,
29520,29580,2006 / Haifa,haifa,1,lebanon the second,13 Yehuda Burla st,
29580,29640,2006 / Haifa,haifa4,1,lebanon the second,13 Yehuda Burla st,
29640,29700,2006 / Haifa,haifa,1,lebanon the second,13 Yehuda Burla st,
29700,29760,2006 / Haifa,haifa,1,lebanon the second,13 Yehuda Burla st,
29760,29820,2006 / Haifa,haifa1,1,lebanon the second,13 Yehuda Burla st,
29820,29880,2006 / Haifa,haifa,1,lebanon the second,13 Yehuda Burla st,
29880,29940,2006 / Haifa,haifa,1,lebanon the second,13 Yehuda Burla st,
29940,30000,2006 / Haifa,haifa,1,lebanon the second,13 Yehuda Burla st,
30000,30060,2006 / Haifa,haifa4,1,lebanon the second,13 Yehuda Burla st,
30060,30120,2006 / Haifa,haifa1,1,lebanon the second,13 Yehuda Burla st,
30120,30180,2006 / Haifa,haifa3,1,lebanon the second,13 Yehuda Burla st,
30180,30240,2006 / Haifa,haifa,1,lebanon the second,13 Yehuda Burla st,
30240,30300,2006 / Haifa,haifa,1,lebanon the second,13 Yehuda Burla st,
30300,30360,2006 / Haifa,haifa,1,lebanon the second,13 Yehuda Burla st,
30360,30420,2006 / Haifa,haifa4,1,lebanon the second,13 Yehuda Burla st,
30420,30480,2006 / Haifa,haifa,1,lebanon the second,13 Yehuda Burla st,
30480,30540,2006 / Haifa,haifa3,1,lebanon the second,13 Yehuda Burla st,
30540,30600,2006 / Haifa,haifa1,1,lebanon the second,13 Yehuda Burla st,
30600,30660,2006 / Haifa,haifa,1,lebanon the second,13 Yehuda Burla st,"2 sirens in a row"
30660,30720,2006 / Haifa,haifa,1,lebanon the second,13 Yehuda Burla st,"2 sirens in a row"
30720,30780,2006 / Haifa,haifa,1,lebanon the second,13 Yehuda Burla st,
30780,30840,2006 / Haifa,haifa1,1,lebanon the second,13 Yehuda Burla st,
30840,30900,2006 / Haifa,haifa4,1,lebanon the second,13 Yehuda Burla st,
30900,30960,2006 / Haifa,haifa,1,lebanon the second,13 Yehuda Burla st,
30960,31020,2006 / Haifa,haifa4,1,lebanon the second,13 Yehuda Burla st,
31020,31080,2006 / Haifa,haifa4,1,lebanon the second,13 Yehuda Burla st,
31080,31140,2006 / Haifa,haifa,1,lebanon the second,13 Yehuda Burla st,
31140,31200,2006 / Haifa,haifa1,1,lebanon the second,13 Yehuda Burla st,
31200,31260,2006 / Haifa,haifa,1,lebanon the second,13 Yehuda Burla st,
31260,31320,2006 / Haifa,haifa,1,lebanon the second,13 Yehuda Burla st,
31320,31380,2006 / Haifa,haifa,1,lebanon the second,13 Yehuda Burla st,
31380,31440,2006 / Haifa,haifa,1,lebanon the second,13 Yehuda Burla st,
31440,31500,2006 / Haifa,haifa,1,lebanon the second,13 Yehuda Burla st,
31500,31560,2006 / Haifa,haifa,1,lebanon the second,13 Yehuda Burla st,
31560,31620,2006 / Haifa,haifa,1,lebanon the second,13 Yehuda Burla st,
31620,31680,2006 / Haifa,haifa,1,lebanon the second,13 Yehuda Burla st,
31680,31740,2006 / Haifa,haifa,1,lebanon the second,13 Yehuda Burla st,
31740,31800,2006 / Haifa,haifa1,1,lebanon the second,13 Yehuda Burla st,
31800,31860,2006 / Haifa,haifa,1,lebanon the second,13 Yehuda Burla st,
31860,31920,2006 / Haifa,haifa,1,lebanon the second,13 Yehuda Burla st,
31920,31980,2006 / Haifa,haifa,1,lebanon the second,13 Yehuda Burla st,
31980,32040,2006 / Haifa,haifa4,1,lebanon the second,13 Yehuda Burla st,
32040,32100,2006 / Haifa,haifa,1,lebanon the second,13 Yehuda Burla st,
32100,32160,2006 / Haifa,haifa,1,lebanon the second,13 Yehuda Burla st,
32160,32220,2006 / Haifa,haifa4,1,lebanon the second,13 Yehuda Burla st,
32220,32280,2006 / Haifa,haifa1,1,lebanon the second,13 Yehuda Burla st,
32280,32340,2006 / Haifa,haifa,1,lebanon the second,13 Yehuda Burla st,
32340,32400,2006 / Haifa,haifa,1,lebanon the second,13 Yehuda Burla st,
32400,32460,2006 / Haifa,haifa,1,lebanon the second,13 Yehuda Burla st,
32460,32520,2006 / Haifa,haifa,1,lebanon the second,13 Yehuda Burla st,
32520,32580,2006 / Haifa,haifa1,1,lebanon the second,13 Yehuda Burla st,
32580,32640,2006 / Haifa,haifa,1,lebanon the second,13 Yehuda Burla st,
32640,32700,2006 / Haifa,haifa,1,lebanon the second,13 Yehuda Burla st,
32700,32760,2006 / Haifa,haifa,1,Erev Yom Hazikaron,13 Yehuda Burla st,
32760,32820,2006 / Haifa,haifa,2,Yom Hazikaron,13 Yehuda Burla st,
32820,32880,2006 / Haifa,haifa,1,School Drill Siren,37 Dr Artur Biram Stת Haifa,
32880,32940,2006 / Haifa,haifa,2,Holocaust Remembrance Day,13 Yehuda Burla st,
32940,33000,2006 / Haifa,haifa,1,National Drill Siren,13 Yehuda Burla st,
33000,33060,2006 / South of Israel,South of Israel,1,Drill Siren,"Educational force Training Base, South of Israel",
33060,33120,2006 / South of Israel,South of Israel,1,Drill Siren,"Educational force Training Base, South of Israel",
33120,33180,2006 / South of Israel,South of Israel,1,Drill Siren,"Educational force Training Base, South of Israel",
33180,33240,2006 / South of Israel,South of Israel,1,Drill Siren,"Educational force Training Base, South of Israel",
33240,33300,2006 / North of Israel,North of israel,1,Attack,"Tank Base, North of israel",
33300,33360,2006 / North of Israel,North of israel,1,Attack,"Tank Base, North of israel",
33360,33420,2006 / North of Israel,North of israel,1,Attack,"Tank Base, North of israel",
33420,33480,2006 / North of Israel,North of israel,1,Attack,"Tank Base, North of israel",
33480,33540,2007 / North of Israel,North of israel,2,Erev Yom Hazikaron,"Tank Base, North of israel",
33540,33600,2007 / North of Israel,North of israel,2,Yom Hazikaron,"Tank Base, North of israel",I vividly remember the first time I heard the remembrance while I was wearing the army uniform.
33600,33660,2007 / North of Israel,North of israel,2,Holocaust Remembrance Day,"Tank Base, North of israel",
33660,33720,2007 / North of Israel,North of israel,1,Drill Alarm,"Tank Base, North of israel",
33720,33780,2007 / North of Israel,North of israel,1,National Drill Siren,"Tank Base, North of israel",
33780,33840,2008 / South of Israel,South of Israel,2,Erev Yom Hazikaron,"Educational force Training Base, South of Israel",
33840,33900,2008 / South of Israel,South of Israel,2,Yom Hazikaron,"Educational force Training Base, South of Israel",
33900,33960,2008 / South of Israel,South of Israel,2,Holocaust Remembrance Day,"Educational force Training Base, South of Israel",
33960,34020,2008 / South of Israel,South of Israel,1,Drill Alarm,"Educational force Training Base, South of Israel",
34020,34080,2008 / South of Israel,South of Israel,1,National Drill Siren,"Educational force Training Base, South of Israel",
34080,34140,2008 / South of Israel,South of Israel,1,Drill Siren,"Educational force Training Base, South of Israel",
34140,34200,2008 / South of Israel,South of Israel,1,Drill Siren,"Educational force Training Base, South of Israel","Personally, I find it so hard to listen to this sound, a harsh deep sound that
 feels like its walking inside your body."
34200,34260,2008 / South of Israel,South of Israel,1,Drill Siren,"Educational force Training Base, South of Israel",
34260,34320,2008 / South of Israel,South of Israel,1,Drill Siren,"Educational force Training Base, South of Israel",
34320,34380,2009 / North of Israel,North of israel,2,Erev Yom Hazikaron,"22 International St, Haifa",
34380,34440,2009 / North of Israel,North of israel,2,Yom Hazikaron,"22 International St, Haifa",
34440,34500,2009 / North of Israel,North of israel,2,Holocaust Remembrance Day,13 yehuda Burla st,
34500,34560,2009 / North of Israel,North of israel,1,City Drill Siren,13 yehuda Burla st,
34560,34620,2009 / North of Israel,North of israel,1,National Drill Siren,"22 International St, Haifa",
34620,34680,2012 / Jerusalem,Jerusalem,2,Erev Yom Hazikaron,"10 Lohamei HaGeta'ot, Jerusalem",
34680,34740,2012 / Jerusalem,Jerusalem,2,Yom Hazikaron,"1 Martin Buber St , Jerusalem",
34740,34800,2012 / Jerusalem,Jerusalem,2,Holocaust Remembrance Day,"1 Martin Buber St , Jerusalem",
34800,34860,2012 / Jerusalem,Jerusalem,1,City Drill Siren,"1 Martin Buber St , Jerusalem",
34860,34920,2012 / Jerusalem,Jerusalem,1,National Drill Siren,"1 Martin Buber St , Jerusalem",
34920,34980,2013 / Haifa,haifa,2,Erev Yom Hazikaron,"22 International St, Haifa",
34980,35040,2013 / Haifa,haifa2,2,Yom Hazikaron,"37 Dr Artur Biram St, Haifa",
35040,35100,2013 / Jerusalem,Jerusalem,2,Holocaust Remembrance Day,"25 Washington st, Jerusalem",
35100,35160,2013 / Jerusalem,Jerusalem,1,City Drill Siren,"1 Martin Buber St , Jerusalem",
35160,35220,2013 / Jerusalem,Jerusalem,1,National Drill Siren,"25 Washington st, Jerusalem",
35220,35280,2014 / Haifa,haifa,2,Erev Yom Hazikaron,"22 International St, Haifa",
35280,35340,2014 / Haifa,haifa2,2,Yom Hazikaron,"37 Dr Artur Biram St, Haifa",
35340,35400,2014 / Jerusalem,Jerusalem,2,Holocaust Remembrance Day,"25 Washington st, Jerusalem",
35400,35460,2014 / Jerusalem,Jerusalem,1,City Drill Siren,"1 Martin Buber St , Jerusalem",
35460,35520,2014 / Jerusalem,Jerusalem,1,National Drill Siren,"25 Washington st, Jerusalem",
35520,35580,2014 / Haifa,haifa,1,Tzuk Eitan Operation,"44 Blitental 44, Haifa",
35580,35640,2014 / Tel Aviv,Tel Aviv,1,Tzuk Eitan Operation,Somewhere in Tel Aviv,
35640,35700,2014 / Tel Aviv,Tel Aviv,1,Tzuk Eitan Operation,Somewhere in Tel Aviv,
35700,35760,2014 / Tel Aviv,Tel Aviv,1,Tzuk Eitan Operation,Somewhere in Tel Aviv,
35760,35820,2014 / Tel Aviv,Tel Aviv,1,Tzuk Eitan Operation,Somewhere in Tel Aviv,
35820,35880,2014 / Tel Aviv,Tel Aviv,1,Tzuk Eitan Operation,Somewhere in Tel Aviv,
35880,35940,2014 / Tel Aviv,Tel Aviv,1,Tzuk Eitan Operation,Somewhere in Tel Aviv,
35940,36000,2014 / Tel Aviv,Tel Aviv,1,Tzuk Eitan Operation,Somewhere in Tel Aviv,"I was on my way home on the bus from university with my headphones on when all of the sudden everyone got off the bus at once. I was tired after a long day at school so I stayed on the bus, I thought that there was a problem. It was only when I looked to the other side that I saw a lot of people laying on the ground and that it was only me and 3 others still on the bus. I then realised that there was a siren going on. I waited to hear the blast, praying that nothing would hit us and I could continue my day."
36000,36060,2014 / Tel Aviv,Tel Aviv,1,Tzuk Eitan Operation,Somewhere in Tel Aviv,
36060,36120,2014 / Tel Aviv,Tel Aviv,1,Tzuk Eitan Operation,Somewhere in Tel Aviv,
36120,36180,2014 / Tel Aviv,Tel Aviv,1,Tzuk Eitan Operation,Somewhere in Tel Aviv,
36180,36240,2014 / Tel Aviv,Tel Aviv,1,Tzuk Eitan Operation,Somewhere in Tel Aviv,
36240,36300,2014 / Jerusalem,Jerusalem,1,Tzuk Eitan Operation,"25 Washington st, Jerusalem",
36300,36360,2014 / Jerusalem,Jerusalem,1,Tzuk Eitan Operation,"25 Washington st, Jerusalem",
36360,36420,2014 / Jerusalem,Jerusalem,1,Tzuk Eitan Operation,Bezalel Academy of art and design,
36420,36480,2014 / Jerusalem,Jerusalem,1,Tzuk Eitan Operation,Bezalel Academy of art and design,While preparing for the final thesis exhibition in my undergrad university we had to leave the space 10 times that day to go to the shelter. In a way it was a much better experience being with a big group of people. We have shared a lot of jokes this day.
36480,36540,2014 / Jerusalem,Jerusalem,1,Tzuk Eitan Operation,"25 Washington st, Jerusalem",
36540,36600,2014 / Jerusalem,Jerusalem,1,Tzuk Eitan Operation,Bezalel Academy of art and design,
36600,36660,2014 / Jerusalem,Jerusalem,1,Tzuk Eitan Operation,"22 Washington st, Jerusalem",
36660,36720,2015 / Haifa,haifa,2,Erev Yom Hazikaron,"22 International St, Haifa",
36720,36780,2015 / Haifa,haifa2,2,Yom Hazikaron,"37 Dr Artur Biram St, Haifa",
36780,36840,2015 / Jerusalem,Jerusalem,2,Holocaust Remembrance Day,"25 Washington st, Jerusalem",
36840,36900,2015 / Jerusalem,Jerusalem,1,City Drill Siren,"1 Martin Buber St , Jerusalem",
36900,36960,2015 / Jerusalem,Jerusalem,1,National Drill Siren,"25 Washington st, Jerusalem",
36960,37020,2016 / Tel Aviv,Tel Aviv,2,Erev Yom Hazikaron,"25 Nachmani st, Tel Aviv",
37020,37080,2016 / Tel Aviv,Tel Aviv,2,Yom Hazikaron,"22 Maze st, Tel Aviv",
37080,37140,2016 / Tel Aviv,Tel Aviv,2,Holocaust Remembrance Day,"22 Maze st, Tel Aviv",
37140,37200,2016 / Tel Aviv,Tel Aviv,1,City Drill Siren,"22 Maze st, Tel Aviv",
37200,37260,2016 / Tel Aviv,Tel Aviv,1,National Drill Siren,"25 Nachmani st, Tel Aviv","I woke up from the sound and got so scared that I went outside with my
pyjamas. I got some weird looks from my neighbours, which is when I realised that it was just
the national drill."
37260,37320,2016 / Tel Aviv,Tel Aviv,1,Drill Siren,"25 Nachmani st, Tel Aviv",
37320,37380,2017 / Tel Aviv,Tel Aviv,2,Erev Yom Hazikaron,"25 Nachmani st, Tel Aviv",
37380,37440,2017 / Tel Aviv,Tel Aviv,2,Yom Hazikaron,"22 Maze st, Tel Aviv",
37440,37500,2017 / Tel Aviv,Tel Aviv,2,Holocaust Remembrance Day,"22 Maze st, Tel Aviv",
37500,37560,2017 / Tel Aviv,Tel Aviv,1,City Drill Siren,"22 Maze st, Tel Aviv",
37560,37620,2017 / Tel Aviv,Tel Aviv,1,National Drill Siren,"25 Nachmani st, Tel Aviv",
37620,37680,2017 / Tel Aviv,Tel Aviv,1,False Alarm,"25 Nachmani st, Tel Aviv","I never woke up for this alarm.
I learned about it the next day"
37680,37740,2017 / Tel Aviv,Tel Aviv,1,False Alarm,"25 Nachmani st, Tel Aviv",
37740,37800,2018 / Tel Aviv,Tel Aviv,2,Erev Yom Hazikaron,"28 Feirberg st, Tel Aviv",
37800,37860,2018 / Tel Aviv,Tel Aviv,2,Yom Hazikaron,"22 Maze st, Tel Aviv",
37860,37920,2018 / Tel Aviv,Tel Aviv,2,Holocaust Remembrance Day,"22 Maze st, Tel Aviv",
37920,37980,2018 / Tel Aviv,Tel Aviv,1,City Drill Siren,"22 Maze st, Tel Aviv",
37980,38040,2018 / Tel Aviv,Tel Aviv,1,National Drill Siren,"25 Nachmani st, Tel Aviv",
38040,38100,2018 / Tel Aviv,Tel Aviv,1,False Alarm,"28 Feirberg st, Tel Aviv","We were in our house, when all of sudden we heard a distanced siren going on and off.
The first thing that I did was go outside and sit on the stairs according to the code of conduct. My boyfriend was laughing at me and didn't want to come with me, after 30 seconds the siren went off and the government released a statement that it was false."
